"Reference","Value","Footprint","QUANTITY","Datasheet"
"C1,C3,C5,C8,C9,C10,C11,C12,C13,C14,C15,C17,C19,C22,C24,C27","100n","Capacitor_SMD:C_0402_1005Metric","16",""
"C2,C4,C20,C23,C26","10u","Capacitor_SMD:C_0603_1608Metric","5",""
"C6,C7","27pF","Capacitor_SMD:C_0402_1005Metric","2",""
"C16,C21","1u","Capacitor_SMD:C_0402_1005Metric","2",""
"C25","100µ 16V","Capacitor_SMD:CP_Elec_6.3x5.4","1",""
"C30,C31,C32","100n","Capacitor_SMD:C_0603_1608Metric","3",""
"C33","10u","Capacitor_SMD:C_0805_2012Metric","1",""
"D1,D2","SD15","Diode_SMD:D_SOD-323","2",""
"D3","LED gn","LED_SMD:LED_0805_2012Metric","1",""
"D4,D16","1A","Diode_SMD:D_SOD-323","2",""
"D5","SMAJ5.0","Diode_SMD:D_SMA","1",""
"D6","SD05","Diode_SMD:D_SOD-323","1",""
"J1,J5","Conn_01x06","IO_16_8_1:Terminal_Block_RTMPin","2",""
"J4","USB_C_Receptacle_USB2.0","Connector_USB:USB_C_Receptacle_XKB_U262-16XN-4BVC11","1","https://www.usb.org/sites/default/files/documents/usb_type-c.zip"
"J9","SAM BUS","Connector_IDC:IDC-Header_2x10_P2.54mm_Vertical","1",""
"JP1,JP2,JP3","Jumper_2_Open","Connector_PinHeader_2.54mm:PinHeader_1x02_P2.54mm_Vertical","3",""
"Q1","2N7002","Package_TO_SOT_SMD:SOT-23","1","https://www.onsemi.com/pub/Collateral/NDS7002A-D.PDF"
"R1,R7,R8,R26,R27,R28,R30,R96,R97","10k","Resistor_SMD:R_0603_1608Metric","9",""
"R2,R15","100R","Resistor_SMD:R_0603_1608Metric","2",""
"R3,R5","620","Resistor_SMD:R_0402_1005Metric","2",""
"R4","120R","Resistor_SMD:R_0603_1608Metric","1",""
"R6,R12,R16,R20","1k","Resistor_SMD:R_0402_1005Metric","4",""
"R9","0","Resistor_SMD:R_0603_1608Metric","1",""
"R10,R11","27","Resistor_SMD:R_0402_1005Metric","2",""
"R13","33k","Resistor_SMD:R_0603_1608Metric","1",""
"R14,R18,R19,R23","2k","Resistor_SMD:R_0603_1608Metric","4",""
"R17","5k","Resistor_SMD:R_0603_1608Metric","1",""
"R21","470","Resistor_SMD:R_0603_1608Metric","1",""
"R22","3k","Resistor_SMD:R_0603_1608Metric","1",""
"R24,R25","5k1","Resistor_SMD:R_0603_1608Metric","2",""
"R29","33","Resistor_SMD:R_0603_1608Metric","1",""
"RN1,RN2,RN3","33","Resistor_SMD:R_Array_Convex_4x0603","3",""
"SW1","Reset","Button_Switch_SMD:SW_SPST_SKQG_WithStem","1",""
"SW2","Boot","Button_Switch_SMD:SW_SPST_SKQG_WithStem","1",""
"SW3","ADDRESS","Button_Switch_SMD:SW_DIP_SPSTx04_Slide_6.7x11.72mm_W8.61mm_P2.54mm_LowProfile","1",""
"TP3","J9_IOSTB","TestPoint:TestPoint_Pad_D1.5mm","1",""
"TP4","J9_NBRESET","TestPoint:TestPoint_Pad_D1.5mm","1",""
"TP5","J9_D0","TestPoint:TestPoint_Pad_D1.5mm","1",""
"TP6","J9_A0","TestPoint:TestPoint_Pad_D1.5mm","1",""
"U1","ADM3483","Package_SO:SOIC-8_3.9x4.9mm_P1.27mm","1","http://www.icbase.com/pdf/SPX/SPX00480106.pdf"
"U2","W25Q128JVSIQ","Package_SO:SOIC-8_5.23x5.23mm_P1.27mm","1",""
"U3","RP2040","Package_DFN_QFN:QFN-56-1EP_7x7mm_P0.4mm_EP3.2x3.2mm","1","https://datasheets.raspberrypi.com/rp2040/rp2040-datasheet.pdf"
"U4","LMV321","Package_TO_SOT_SMD:SOT-23-5","1","http://www.ti.com/lit/ds/symlink/lmv324.pdf"
"U5","SN74AHCT1G125","Package_TO_SOT_SMD:SOT-23-5","1","http://www.ti.com/lit/sg/scyt129e/scyt129e.pdf"
"U6","AP2112K-3.3","Package_TO_SOT_SMD:SOT-23-5","1","https://www.diodes.com/assets/Datasheets/AP2112.pdf"
"U7","SN74LVC8T245","Package_SO:TSSOP-24_4.4x7.8mm_P0.65mm","1","https://www.ti.com/lit/ds/symlink/sn74lvc8t245.pdf"
"U8","74AHCT541","Package_SO:TSSOP-20_4.4x6.5mm_P0.65mm","1","https://www.ti.com/lit/ds/symlink/sn74ahct541.pdf"
"Y1","12MHz,18pF","Crystal:Crystal_SMD_3225-4Pin_3.2x2.5mm","1",""
