item,kind,x_mm,y_mm,x2_mm,y2_mm,note
BOARD,outline,0,0,219.06,231.76,"board edge, 219.06 x 231.76 mm"
MH6,keyhole screw,8.24,6.27,8.24,13.69,"screw at slot top (x,y); clearance circle centre (x2,y2) D10.4, slot W4.4"
MH1,keyhole screw,210.16,6.27,210.16,13.69,"screw at slot top (x,y); clearance circle centre (x2,y2) D10.4, slot W4.4"
MH3,keyhole screw,8.24,215.17,8.24,222.59,"screw at slot top (x,y); clearance circle centre (x2,y2) D10.4, slot W4.4"
MH2,keyhole screw,210.16,215.17,210.16,222.59,"screw at slot top (x,y); clearance circle centre (x2,y2) D10.4, slot W4.4"
MH5,round hole,109.2,6.98,,,circle D6.3 in 10.2 mm square pad
MH4,round hole,97.14,222.86,,,circle D6.3 in 10.2 mm square pad
MH7,round hole,8.25,116.84,,,circle D6.3 in 10.2 mm square pad
MH8,round hole,210.17,116.84,,,circle D6.3 in 10.2 mm square pad
J1,KK-396 1x9 body,161.26,216.91,196.92,225.03,Switch drive (rows 1-8 strobes)
J1.1,pin,194.94,221.73,,,
J1.2,pin,190.98,221.73,,,
J1.3,pin,187.02,221.73,,,
J1.4,pin,183.06,221.73,,,
J1.5,pin,179.1,221.73,,,
J1.6,pin,175.14,221.73,,,
J1.7,pin,171.18,221.73,,,
J1.8,pin,167.22,221.73,,,
J1.9,pin,163.26,221.73,,,
J2,KK-396 1x12 body,106.18,216.91,153.75,225.03,Lower dedicated switch in
J2.1,pin,151.77,221.73,,,
J2.2,pin,147.81,221.73,,,
J2.3,pin,143.85,221.73,,,
J2.4,pin,139.89,221.73,,,
J2.5,pin,135.93,221.73,,,
J2.6,pin,131.97,221.73,,,
J2.7,pin,128.01,221.73,,,
J2.8,pin,124.05,221.73,,,
J2.9,pin,120.09,221.73,,,
J2.10,pin,116.13,221.73,,,
J2.11,pin,112.17,221.73,,,
J2.12,pin,108.21,221.73,,,
J3,KK-396 1x10 body,47.45,216.91,87.07,225.03,Upper dedicated switch in
J3.1,pin,85.09,221.73,,,
J3.2,pin,81.13,221.73,,,
J3.3,pin,77.17,221.73,,,
J3.4,pin,73.21,221.73,,,
J3.5,pin,69.25,221.73,,,
J3.6,pin,65.29,221.73,,,
J3.7,pin,61.33,221.73,,,
J3.8,pin,57.37,221.73,,,
J3.9,pin,53.41,221.73,,,
J3.10,pin,49.45,221.73,,,
J12,KK-396 1x10 body,6.73,65.87,14.85,105.49,Upper switch return (columns 9-16)
J12.1,pin,10.03,103.51,,,
J12.2,pin,10.03,99.55,,,
J12.3,pin,10.03,95.59,,,
J12.4,pin,10.03,91.63,,,
J12.5,pin,10.03,87.67,,,
J12.6,pin,10.03,83.71,,,
J12.7,pin,10.03,79.75,,,
J12.8,pin,10.03,75.79,,,
J12.9,pin,10.03,71.83,,,
J12.10,pin,10.03,67.87,,,
J6,KK-396 1x10 body,6.73,126.19,14.85,165.81,Lower switch return (columns 1-8)
J6.1,pin,10.03,163.83,,,
J6.2,pin,10.03,159.87,,,
J6.3,pin,10.03,155.91,,,
J6.4,pin,10.03,151.95,,,
J6.5,pin,10.03,147.99,,,
J6.6,pin,10.03,144.03,,,
J6.7,pin,10.03,140.07,,,
J6.8,pin,10.03,136.11,,,
J6.9,pin,10.03,132.15,,,
J6.10,pin,10.03,128.19,,,
J13,KK-396 1x10 body,6.73,170.63,14.85,210.26,Dedicated switch in (DIP / SW D17-24)
J13.1,pin,10.03,208.28,,,
J13.2,pin,10.03,204.32,,,
J13.3,pin,10.03,200.36,,,
J13.4,pin,10.03,196.4,,,
J13.5,pin,10.03,192.44,,,
J13.6,pin,10.03,188.48,,,
J13.7,pin,10.03,184.52,,,
J13.8,pin,10.03,180.56,,,
J13.9,pin,10.03,176.6,,,
J13.10,pin,10.03,172.64,,,
J11,KK-396 1x6 body,56.43,7.75,80.0,16.89,"Power in (+5, GND, -12, AGND, AGND, +12)"
J11.1,pin,58.41,11.18,,,
J11.2,pin,62.37,11.18,,,
J11.3,pin,66.33,11.18,,,
J11.4,pin,70.29,11.18,,,
J11.5,pin,74.25,11.18,,,
J11.6,pin,78.21,11.18,,,
J10,KK-396 1x4 body,154.21,5.46,170.06,13.59,Audio out
J10.1,pin,156.19,8.76,,,
J10.2,pin,160.15,8.76,,,
J10.3,pin,164.11,8.76,,,
J10.4,pin,168.07,8.76,,,
J9,2x10 2.54 body,6.98,24.13,15.87,57.15,Bus to I/O board (2x10 IDC)
J9.1,pin,12.7,52.07,,,
J9.2,pin,10.16,52.07,,,
J9.19,pin,12.7,29.21,,,
J9.20,pin,10.16,29.21,,,
J5,2x7 2.54 body,205.72,144.14,214.62,169.54,DMD display (2x7 IDC)
J5.1,pin,211.44,164.46,,,
J5.2,pin,208.9,164.46,,,
J5.13,pin,211.44,149.22,,,
J5.14,pin,208.9,149.22,,,
J7,2x10 2.54 body,206.23,77.93,215.38,110.04,Processor JTAG (2x10)
J7.1,pin,212.08,105.4,,,
J7.2,pin,209.54,105.4,,,
J7.19,pin,212.08,82.54,,,
J7.20,pin,209.54,82.54,,,
J8,outline,205.09,123.82,212.71,139.06,Xilinx JTAG (outline only)
J14,outline,186.17,157.03,202.93,170.64,Serial header (outline only)
J4,outline,206.78,173.18,225.32,204.37,"DB9 serial, overhangs right edge (outline only)"
J15,outline,204.22,60.41,219.06,75.67,"USB-B, opens at right edge (outline only)"
